<BackupInst xmlns="http://www.microsoft.com/GroupPolicy/GPOOperations/Manifest"><GPOGuid><![CDATA[{ceae4f31-b8ad-44e8-ab79-d4bd80dd1397}]]></GPOGuid><GPODomain><![CDATA[ad.testing.se]]></GPODomain><GPODomainGuid><![CDATA[{8406ea9e-28de-4bbb-9c06-55ec427c2ab7}]]></GPODomainGuid><GPODomainController><![CDATA[srv003]]></GPODomainController><BackupTime><![CDATA[2022-02-02T16:57:33]]></BackupTime><ID><![CDATA[{A9DA6210-C177-4926-82CD-A8BD36D593CE}]]></ID><Comment><![CDATA[]]></Comment><GPODisplayName><![CDATA[Admin - Add Domain Tier2 Admin - WebServers to Local Admin group]]></GPODisplayName></BackupInst>
