<BackupInst xmlns="http://www.microsoft.com/GroupPolicy/GPOOperations/Manifest"><GPOGuid><![CDATA[{07c70308-21da-4d1a-82c8-94dedcd42287}]]></GPOGuid><GPODomain><![CDATA[ad.testing.se]]></GPODomain><GPODomainGuid><![CDATA[{8406ea9e-28de-4bbb-9c06-55ec427c2ab7}]]></GPODomainGuid><GPODomainController><![CDATA[srv003]]></GPODomainController><BackupTime><![CDATA[2022-02-02T16:57:24]]></BackupTime><ID><![CDATA[{3E00E129-F73E-42E4-80CC-A75E346FE72A}]]></ID><Comment><![CDATA[]]></Comment><GPODisplayName><![CDATA[Admin - Enforce using Restricted Mode for RDP connections]]></GPODisplayName></BackupInst>
