<BackupInst xmlns="http://www.microsoft.com/GroupPolicy/GPOOperations/Manifest"><GPOGuid><![CDATA[{fb0d433d-196c-4ab0-ae04-4972326e429c}]]></GPOGuid><GPODomain><![CDATA[ad.testing.se]]></GPODomain><GPODomainGuid><![CDATA[{8406ea9e-28de-4bbb-9c06-55ec427c2ab7}]]></GPODomainGuid><GPODomainController><![CDATA[srv003]]></GPODomainController><BackupTime><![CDATA[2022-02-02T16:57:33]]></BackupTime><ID><![CDATA[{0EAB2A25-5393-4DED-84F9-590FFDD7ABF5}]]></ID><Comment><![CDATA[]]></Comment><GPODisplayName><![CDATA[Admin - Add Domain Tier1 Admin - WebServers to Local Admin group]]></GPODisplayName></BackupInst>
