<BackupInst xmlns="http://www.microsoft.com/GroupPolicy/GPOOperations/Manifest"><GPOGuid><![CDATA[{695f8b5d-d8de-49af-ba5d-8c425c10adc2}]]></GPOGuid><GPODomain><![CDATA[ad.testing.se]]></GPODomain><GPODomainGuid><![CDATA[{8406ea9e-28de-4bbb-9c06-55ec427c2ab7}]]></GPODomainGuid><GPODomainController><![CDATA[srv003]]></GPODomainController><BackupTime><![CDATA[2022-02-02T16:57:29]]></BackupTime><ID><![CDATA[{DBF38BC4-28DD-453A-BBBA-FA0C1586E62E}]]></ID><Comment><![CDATA[]]></Comment><GPODisplayName><![CDATA[Admin - Add Domain Tier2 Admin - RemoteDesktopBackendServers to Local Admin group]]></GPODisplayName></BackupInst>
