﻿<?xml version="1.0" encoding="utf-8"?>
<Groups clsid="{3125E937-EB16-4b4c-9934-544FC6D24D26}">
  <Group clsid="{6D4A79E4-529C-4481-ABD0-F5BD7EA93BA7}" name="Users (built-in)" image="2" changed="2021-10-18 13:50:42" uid="{16A78980-7C9D-47D8-9DB7-74E18ACD0C59}">
    <Properties action="U" newName="" description="" deleteAllUsers="0" deleteAllGroups="0" removeAccounts="0" groupSid="S-1-5-32-545" groupName="Users (built-in)">
      <Members>
        <Member name="AD\Domain TierEndpointsPAW PrivilegedAccessHosts users" action="ADD" sid="S-1-5-21-144253782-3019883942-3058657682-3153" />
      </Members>
    </Properties>
  </Group>
  <Group clsid="{6D4A79E4-529C-4481-ABD0-F5BD7EA93BA7}" name="Users (built-in)" image="2" changed="2021-10-18 13:51:03" uid="{C11C1B95-73EE-472F-97C8-5AE00EFD6F4C}">
    <Properties action="U" newName="" description="" deleteAllUsers="0" deleteAllGroups="0" removeAccounts="0" groupSid="S-1-5-32-545" groupName="Users (built-in)">
      <Members>
        <Member name="AD\Domain Users" action="REMOVE" sid="S-1-5-21-144253782-3019883942-3058657682-513" />
      </Members>
    </Properties>
  </Group>
  <Group clsid="{6D4A79E4-529C-4481-ABD0-F5BD7EA93BA7}" name="Administrators (built-in)" image="2" changed="2021-10-18 13:51:37" uid="{AF22A136-339F-4627-A25E-AD10E60353CC}">
    <Properties action="U" newName="" description="" deleteAllUsers="0" deleteAllGroups="0" removeAccounts="0" groupSid="S-1-5-32-544" groupName="Administrators (built-in)">
      <Members>
        <Member name="AD\Domain Admins" action="REMOVE" sid="S-1-5-21-144253782-3019883942-3058657682-516" />
      </Members>
    </Properties>
  </Group>
</Groups>