<BackupInst xmlns="http://www.microsoft.com/GroupPolicy/GPOOperations/Manifest"><GPOGuid><![CDATA[{00db18bc-6919-400a-8271-4d6abf9ff8b2}]]></GPOGuid><GPODomain><![CDATA[ad.testing.se]]></GPODomain><GPODomainGuid><![CDATA[{8406ea9e-28de-4bbb-9c06-55ec427c2ab7}]]></GPODomainGuid><GPODomainController><![CDATA[srv003]]></GPODomainController><BackupTime><![CDATA[2022-02-02T16:57:03]]></BackupTime><ID><![CDATA[{69091D2E-753D-429F-8172-3DFD7A7A3706}]]></ID><Comment><![CDATA[]]></Comment><GPODisplayName><![CDATA[Admin - Add Domain Tier1 Admin - FileServers to Local Admin group]]></GPODisplayName></BackupInst>
