<BackupInst xmlns="http://www.microsoft.com/GroupPolicy/GPOOperations/Manifest"><GPOGuid><![CDATA[{3e8fa090-cc7d-40e7-aad5-0b42cebda289}]]></GPOGuid><GPODomain><![CDATA[ad.testing.se]]></GPODomain><GPODomainGuid><![CDATA[{8406ea9e-28de-4bbb-9c06-55ec427c2ab7}]]></GPODomainGuid><GPODomainController><![CDATA[srv003]]></GPODomainController><BackupTime><![CDATA[2022-02-02T16:57:27]]></BackupTime><ID><![CDATA[{BE0C211B-631D-4A64-8463-E225C9C0B0CB}]]></ID><Comment><![CDATA[]]></Comment><GPODisplayName><![CDATA[Admin - Add Domain Company Admin - SecureEndpoints to Local Remote Desktop Users group]]></GPODisplayName></BackupInst>
