<BackupInst xmlns="http://www.microsoft.com/GroupPolicy/GPOOperations/Manifest"><GPOGuid><![CDATA[{c027355e-d857-48aa-acd8-78d24681a9b7}]]></GPOGuid><GPODomain><![CDATA[ad.testing.se]]></GPODomain><GPODomainGuid><![CDATA[{8406ea9e-28de-4bbb-9c06-55ec427c2ab7}]]></GPODomainGuid><GPODomainController><![CDATA[srv003]]></GPODomainController><BackupTime><![CDATA[2022-02-02T16:57:32]]></BackupTime><ID><![CDATA[{8BCE2D6F-26BD-4E18-94BE-87669592ECED}]]></ID><Comment><![CDATA[]]></Comment><GPODisplayName><![CDATA[Admin - Add Domain Tier2 JumpstationLimited AD Groups to Local Groups]]></GPODisplayName></BackupInst>
