<BackupInst xmlns="http://www.microsoft.com/GroupPolicy/GPOOperations/Manifest"><GPOGuid><![CDATA[{6404fe3d-8a3b-4a92-91a1-8267763aae18}]]></GPOGuid><GPODomain><![CDATA[ad.testing.se]]></GPODomain><GPODomainGuid><![CDATA[{8406ea9e-28de-4bbb-9c06-55ec427c2ab7}]]></GPODomainGuid><GPODomainController><![CDATA[srv003]]></GPODomainController><BackupTime><![CDATA[2022-02-02T16:57:29]]></BackupTime><ID><![CDATA[{2152BEE3-8B03-462F-9AA6-742D4A06ABFA}]]></ID><Comment><![CDATA[]]></Comment><GPODisplayName><![CDATA[Admin - Restrict Admin Logon T1]]></GPODisplayName></BackupInst>
