<Backups xmlns="http://www.microsoft.com/GroupPolicy/GPOOperations/Manifest" xmlns:mfst="http://www.microsoft.com/GroupPolicy/GPOOperations/Manifest" mfst:version="1.0"><BackupInst><GPOGuid><![CDATA[{0a251807-44f2-482d-ba47-4399505afdce}]]></GPOGuid><GPODomain><![CDATA[ad.testing.se]]></GPODomain><GPODomainGuid><![CDATA[{8406ea9e-28de-4bbb-9c06-55ec427c2ab7}]]></GPODomainGuid><GPODomainController><![CDATA[srv003]]></GPODomainController><BackupTime><![CDATA[2022-02-02T16:57:25]]></BackupTime><ID><![CDATA[{6354521D-AE04-4EB8-B226-FCB3C7BF6587}]]></ID><Comment><![CDATA[]]></Comment><GPODisplayName><![CDATA[Admin - Restrict Logon TierEndpointPAW Hosts]]></GPODisplayName></BackupInst></Backups>