<Backups xmlns="http://www.microsoft.com/GroupPolicy/GPOOperations/Manifest" xmlns:mfst="http://www.microsoft.com/GroupPolicy/GPOOperations/Manifest" mfst:version="1.0"><BackupInst><GPOGuid><![CDATA[{0dac6566-9591-4340-8c7e-1566a6262397}]]></GPOGuid><GPODomain><![CDATA[ad.testing.se]]></GPODomain><GPODomainGuid><![CDATA[{8406ea9e-28de-4bbb-9c06-55ec427c2ab7}]]></GPODomainGuid><GPODomainController><![CDATA[srv003]]></GPODomainController><BackupTime><![CDATA[2022-02-02T16:57:26]]></BackupTime><ID><![CDATA[{5C97A8C1-1A5B-402F-9E7F-F5D8E7D13A2C}]]></ID><Comment><![CDATA[]]></Comment><GPODisplayName><![CDATA[Admin - Disable Secure Desktop for UAC]]></GPODisplayName></BackupInst></Backups>