<BackupInst xmlns="http://www.microsoft.com/GroupPolicy/GPOOperations/Manifest"><GPOGuid><![CDATA[{22345756-8efe-4a51-a947-a705cbe14151}]]></GPOGuid><GPODomain><![CDATA[ad.testing.se]]></GPODomain><GPODomainGuid><![CDATA[{8406ea9e-28de-4bbb-9c06-55ec427c2ab7}]]></GPODomainGuid><GPODomainController><![CDATA[srv003]]></GPODomainController><BackupTime><![CDATA[2022-02-02T16:57:26]]></BackupTime><ID><![CDATA[{9CE1F7CF-0EA6-4F3D-A67E-099563E068BD}]]></ID><Comment><![CDATA[]]></Comment><GPODisplayName><![CDATA[Admin - Kerberos Settings for Domain Controllers]]></GPODisplayName></BackupInst>
