<Backups xmlns="http://www.microsoft.com/GroupPolicy/GPOOperations/Manifest" xmlns:mfst="http://www.microsoft.com/GroupPolicy/GPOOperations/Manifest" mfst:version="1.0"><BackupInst><GPOGuid><![CDATA[{0c1b4f2f-3cd2-4fb3-bbba-d344cf0c1891}]]></GPOGuid><GPODomain><![CDATA[ad.testing.se]]></GPODomain><GPODomainGuid><![CDATA[{8406ea9e-28de-4bbb-9c06-55ec427c2ab7}]]></GPODomainGuid><GPODomainController><![CDATA[srv003]]></GPODomainController><BackupTime><![CDATA[2022-02-02T16:57:25]]></BackupTime><ID><![CDATA[{C36F7BDD-ADDF-43F6-A41A-8160C05161C7}]]></ID><Comment><![CDATA[]]></Comment><GPODisplayName><![CDATA[Admin - Add Domain Tier1 Admin - RemoteDesktopBackendServers to Local Admin group]]></GPODisplayName></BackupInst></Backups>