<Backups xmlns="http://www.microsoft.com/GroupPolicy/GPOOperations/Manifest" xmlns:mfst="http://www.microsoft.com/GroupPolicy/GPOOperations/Manifest" mfst:version="1.0"><BackupInst><GPOGuid><![CDATA[{51344237-4f6c-48f1-8cfb-fd1688c906eb}]]></GPOGuid><GPODomain><![CDATA[ad.testing.se]]></GPODomain><GPODomainGuid><![CDATA[{8406ea9e-28de-4bbb-9c06-55ec427c2ab7}]]></GPODomainGuid><GPODomainController><![CDATA[srv003]]></GPODomainController><BackupTime><![CDATA[2022-02-02T16:57:27]]></BackupTime><ID><![CDATA[{D426C00D-D971-4541-87D4-4BD342710A6C}]]></ID><Comment><![CDATA[]]></Comment><GPODisplayName><![CDATA[Admin - LAPS Install]]></GPODisplayName></BackupInst></Backups>