<BackupInst xmlns="http://www.microsoft.com/GroupPolicy/GPOOperations/Manifest"><GPOGuid><![CDATA[{41b4d49b-60d3-40e4-88a7-735822a0b774}]]></GPOGuid><GPODomain><![CDATA[ad.testing.se]]></GPODomain><GPODomainGuid><![CDATA[{8406ea9e-28de-4bbb-9c06-55ec427c2ab7}]]></GPODomainGuid><GPODomainController><![CDATA[srv003]]></GPODomainController><BackupTime><![CDATA[2022-05-05T11:24:00]]></BackupTime><ID><![CDATA[{28084061-A98A-4B3F-B629-9806C70A7956}]]></ID><Comment><![CDATA[]]></Comment><GPODisplayName><![CDATA[Admin - Restrict Admin Logon T0]]></GPODisplayName></BackupInst>
