<Backups xmlns="http://www.microsoft.com/GroupPolicy/GPOOperations/Manifest" xmlns:mfst="http://www.microsoft.com/GroupPolicy/GPOOperations/Manifest" mfst:version="1.0"><BackupInst><GPOGuid><![CDATA[{f6d84ca0-c214-4c74-ab54-b87d5016deb8}]]></GPOGuid><GPODomain><![CDATA[ad.testing.se]]></GPODomain><GPODomainGuid><![CDATA[{8406ea9e-28de-4bbb-9c06-55ec427c2ab7}]]></GPODomainGuid><GPODomainController><![CDATA[srv003]]></GPODomainController><BackupTime><![CDATA[2022-02-02T16:57:33]]></BackupTime><ID><![CDATA[{86FD4E2B-B7C3-4FA4-8FB2-5BA404BCF57A}]]></ID><Comment><![CDATA[]]></Comment><GPODisplayName><![CDATA[Admin - LAPS Settings]]></GPODisplayName></BackupInst></Backups>