<?xml version="1.0" encoding="utf-8"?>
<Groups clsid="{3125E937-EB16-4b4c-9934-544FC6D24D26}"><Group clsid="{6D4A79E4-529C-4481-ABD0-F5BD7EA93BA7}" name="Administrators (built-in)" image="2" changed="2022-02-02 16:48:01" uid="{1E767650-70DF-408C-BF4E-B740B5D164DA}"><Properties action="U" newName="" description="" deleteAllUsers="0" deleteAllGroups="0" removeAccounts="0" groupSid="S-1-5-32-544" groupName="Administrators (built-in)"><Members><Member name="AD\Domain Tier1 Jumpstation Admins" action="ADD" sid="S-1-5-21-144253782-3019883942-3058657682-3124"/></Members></Properties></Group>
	<Group clsid="{6D4A79E4-529C-4481-ABD0-F5BD7EA93BA7}" name="Remote Desktop Users (built-in)" image="2" changed="2022-02-02 16:48:23" uid="{8EABB13F-38B7-4E3B-981F-3F2B66AB022C}"><Properties action="U" newName="" description="" deleteAllUsers="0" deleteAllGroups="0" removeAccounts="0" groupSid="S-1-5-32-555" groupName="Remote Desktop Users (built-in)"><Members><Member name="AD\Domain Tier1 Jumpstation remote desktop users" action="ADD" sid="S-1-5-21-144253782-3019883942-3058657682-3123"/></Members></Properties></Group>
</Groups>
