<?xml version="1.0" encoding="utf-8"?>
<ScheduledTasks clsid="{CC63F200-7309-4ba0-B154-A71CD118DBCC}"><TaskV2 clsid="{D8896631-B747-47a7-84A6-C155337F3BC8}" name="Install LAPS" image="1" changed="2021-06-09 14:48:41" uid="{19A1DE75-A569-4F03-A04E-25F87499C03A}" userContext="0" removePolicy="1"><Properties action="R" name="Install LAPS" runAs="NT AUTHORITY\System" logonType="S4U"><Task version="1.3"><RegistrationInfo><Author>AD\Administrator</Author><Description></Description></RegistrationInfo><Principals><Principal id="Author"><UserId>NT AUTHORITY\System</UserId><LogonType>S4U</LogonType><RunLevel>HighestAvailable</RunLevel></Principal></Principals><Settings><IdleSettings><Duration>PT5M</Duration><WaitTimeout>PT1H</WaitTimeout><StopOnIdleEnd>false</StopOnIdleEnd><RestartOnIdle>false</RestartOnIdle></IdleSettings><MultipleInstancesPolicy>IgnoreNew</MultipleInstancesPolicy><DisallowStartIfOnBatteries>false</DisallowStartIfOnBatteries><StopIfGoingOnBatteries>false</StopIfGoingOnBatteries><AllowHardTerminate>false</AllowHardTerminate><StartWhenAvailable>true</StartWhenAvailable><AllowStartOnDemand>true</AllowStartOnDemand><Enabled>true</Enabled><Hidden>false</Hidden><ExecutionTimeLimit>PT1H</ExecutionTimeLimit><Priority>7</Priority></Settings><Triggers><BootTrigger><Enabled>true</Enabled><Delay>PT1M</Delay><StartBoundary>2021-06-09T13:58:27Z</StartBoundary></BootTrigger>
					<CalendarTrigger><StartBoundary>2021-06-09T09:30:00Z</StartBoundary><Enabled>true</Enabled><ScheduleByDay><DaysInterval>1</DaysInterval></ScheduleByDay><RandomDelay>PT1H</RandomDelay></CalendarTrigger>
				</Triggers><Actions Context="Author"><Exec><Command>C:\Windows\System32\WindowsPowerShell\v1.0\powershell.exe</Command><Arguments>-ExecutionPolicy ByPass -NonInteractive -NoLogo -File \\server\share\Install-Laps.ps1</Arguments></Exec>
				</Actions></Task></Properties></TaskV2>
</ScheduledTasks>
