<?xml version="1.0" encoding="utf-8"?>
<Groups clsid="{3125E937-EB16-4b4c-9934-544FC6D24D26}"><Group clsid="{6D4A79E4-529C-4481-ABD0-F5BD7EA93BA7}" name="Administrators (built-in)" image="2" changed="2022-02-02 16:49:59" uid="{8B2CE17A-0D95-46E9-9D88-6C186B681E94}"><Properties action="U" newName="" description="" deleteAllUsers="0" deleteAllGroups="0" removeAccounts="0" groupSid="S-1-5-32-544" groupName="Administrators (built-in)"><Members><Member name="AD\Domain Tier2 Jumpstation Admins" action="ADD" sid="S-1-5-21-144253782-3019883942-3058657682-3137"/></Members></Properties></Group>
	<Group clsid="{6D4A79E4-529C-4481-ABD0-F5BD7EA93BA7}" name="Remote Desktop Users (built-in)" image="2" changed="2022-02-02 16:50:19" uid="{72F6761A-3832-46D3-A128-D7A29DBDE45E}"><Properties action="U" newName="" description="" deleteAllUsers="0" deleteAllGroups="0" removeAccounts="0" groupSid="S-1-5-32-555" groupName="Remote Desktop Users (built-in)"><Members><Member name="AD\Domain Tier2 Jumpstation remote desktop users" action="ADD" sid="S-1-5-21-144253782-3019883942-3058657682-3136"/></Members></Properties></Group>
</Groups>
