<?xml version="1.0" encoding="utf-8"?><!-- Copyright (c) Microsoft Corporation.  All rights reserved. --><GroupPolicyBackupScheme bkp:version="2.0" bkp:type="GroupPolicyBackupTemplate" xmlns:bkp="http://www.microsoft.com/GroupPolicy/GPOOperations" xmlns="http://www.microsoft.com/GroupPolicy/GPOOperations">
    <GroupPolicyObject><SecurityGroups><Group bkp:Source="FromDACL"><Sid><![CDATA[S-1-5-21-144253782-3019883942-3058657682-519]]></Sid><SamAccountName><![CDATA[Enterprise Admins]]></SamAccountName><Type><![CDATA[UniversalGroup]]></Type><NetBIOSDomainName><![CDATA[AD]]></NetBIOSDomainName><DnsDomainName><![CDATA[ad.testing.se]]></DnsDomainName><UPN><![CDATA[Enterprise Admins@ad.testing.se]]></UPN></Group><Group bkp:Source="FromDACL"><Sid><![CDATA[S-1-5-21-144253782-3019883942-3058657682-512]]></Sid><SamAccountName><![CDATA[Domain Admins]]></SamAccountName><Type><![CDATA[GlobalGroup]]></Type><NetBIOSDomainName><![CDATA[AD]]></NetBIOSDomainName><DnsDomainName><![CDATA[ad.testing.se]]></DnsDomainName><UPN><![CDATA[Domain Admins@ad.testing.se]]></UPN></Group></SecurityGroups><FilePaths/><GroupPolicyCoreSettings><ID><![CDATA[{722a068b-9ab5-4ecf-a521-96d4aa087592}]]></ID><Domain><![CDATA[ad.testing.se]]></Domain><SecurityDescriptor>01 00 04 9c 00 00 00 00 00 00 00 00 00 00 00 00 14 00 00 00 04 00 ec 00 08 00 00 00 05 02 28 00 00 01 00 00 01 00 00 00 8f fd ac ed b3 ff d1 11 b4 1d 00 a0 c9 68 f9 39 01 01 00 00 00 00 00 05 0b 00 00 00 00 00 24 00 ff 00 0f 00 01 05 00 00 00 00 00 05 15 00 00 00 56 23 99 08 a6 c5 ff b3 92 69 4f b6 00 02 00 00 00 02 24 00 ff 00 0f 00 01 05 00 00 00 00 00 05 15 00 00 00 56 23 99 08 a6 c5 ff b3 92 69 4f b6 00 02 00 00 00 02 24 00 ff 00 0f 00 01 05 00 00 00 00 00 05 15 00 00 00 56 23 99 08 a6 c5 ff b3 92 69 4f b6 07 02 00 00 00 02 14 00 94 00 02 00 01 01 00 00 00 00 00 05 09 00 00 00 00 02 14 00 94 00 02 00 01 01 00 00 00 00 00 05 0b 00 00 00 00 02 14 00 ff 00 0f 00 01 01 00 00 00 00 00 05 12 00 00 00 00 0a 14 00 ff 00 0f 00 01 01 00 00 00 00 00 03 00 00 00 00</SecurityDescriptor><DisplayName><![CDATA[Admin - Set Computer Powerplan to High Performance]]></DisplayName><Options><![CDATA[1]]></Options><UserVersionNumber><![CDATA[65537]]></UserVersionNumber><MachineVersionNumber><![CDATA[65537]]></MachineVersionNumber><MachineExtensionGuids><![CDATA[[{00000000-0000-0000-0000-000000000000}{9AD2BAFE-63B4-4883-A08C-C3C6196BCAFD}][{E62688F0-25FD-4C90-BFF5-F508B9D2E31F}{9AD2BAFE-63B4-4883-A08C-C3C6196BCAFD}]]]></MachineExtensionGuids><UserExtensionGuids/><WMIFilter/></GroupPolicyCoreSettings> 
        <GroupPolicyExtension bkp:ID="{35378EAC-683F-11D2-A89A-00C04FBBCFA2}" bkp:DescName="Registry">
            
            
            <FSObjectFile bkp:Path="%GPO_FSPATH%\Adm\*.*" bkp:SourceExpandedPath="\\srv003\sysvol\ad.testing.se\Policies\{722a068b-9ab5-4ecf-a521-96d4aa087592}\Adm\*.*"/>
        </GroupPolicyExtension>
        
        
        
        
        
        
        
        
        
    <GroupPolicyExtension bkp:ID="{F15C46CD-82A0-4C2D-A210-5D0D3182A418}" bkp:DescName="Unknown Extension"><FSObjectDir bkp:Path="%GPO_MACH_FSPATH%\Preferences" bkp:SourceExpandedPath="\\srv003\sysvol\ad.testing.se\Policies\{722a068b-9ab5-4ecf-a521-96d4aa087592}\Machine\Preferences" bkp:Location="DomainSysvol\GPO\Machine\Preferences"/><FSObjectDir bkp:Path="%GPO_MACH_FSPATH%\Preferences\PowerOptions" bkp:SourceExpandedPath="\\srv003\sysvol\ad.testing.se\Policies\{722a068b-9ab5-4ecf-a521-96d4aa087592}\Machine\Preferences\PowerOptions" bkp:Location="DomainSysvol\GPO\Machine\Preferences\PowerOptions"/><FSObjectFile bkp:Path="%GPO_MACH_FSPATH%\Preferences\PowerOptions\PowerOptions.xml" bkp:SourceExpandedPath="\\srv003\sysvol\ad.testing.se\Policies\{722a068b-9ab5-4ecf-a521-96d4aa087592}\Machine\Preferences\PowerOptions\PowerOptions.xml" bkp:Location="DomainSysvol\GPO\Machine\Preferences\PowerOptions\PowerOptions.xml"/></GroupPolicyExtension></GroupPolicyObject>
</GroupPolicyBackupScheme>