<BackupInst xmlns="http://www.microsoft.com/GroupPolicy/GPOOperations/Manifest"><GPOGuid><![CDATA[{722a068b-9ab5-4ecf-a521-96d4aa087592}]]></GPOGuid><GPODomain><![CDATA[ad.testing.se]]></GPODomain><GPODomainGuid><![CDATA[{8406ea9e-28de-4bbb-9c06-55ec427c2ab7}]]></GPODomainGuid><GPODomainController><![CDATA[srv003]]></GPODomainController><BackupTime><![CDATA[2022-02-02T16:57:30]]></BackupTime><ID><![CDATA[{6A84BCC5-C201-4264-BD04-31844879F76C}]]></ID><Comment><![CDATA[]]></Comment><GPODisplayName><![CDATA[Admin - Set Computer Powerplan to High Performance]]></GPODisplayName></BackupInst>
