<BackupInst xmlns="http://www.microsoft.com/GroupPolicy/GPOOperations/Manifest"><GPOGuid><![CDATA[{8f1cbba8-d424-498a-bbfb-c94ca2d77301}]]></GPOGuid><GPODomain><![CDATA[ad.testing.se]]></GPODomain><GPODomainGuid><![CDATA[{8406ea9e-28de-4bbb-9c06-55ec427c2ab7}]]></GPODomainGuid><GPODomainController><![CDATA[srv003]]></GPODomainController><BackupTime><![CDATA[2022-02-02T16:57:30]]></BackupTime><ID><![CDATA[{C1578B15-D6A3-47E9-A1CE-702F463A64E7}]]></ID><Comment><![CDATA[]]></Comment><GPODisplayName><![CDATA[Admin - Add Domain Company Admin - VirtualDesktopEndpoints to Local Remote Desktop Users group]]></GPODisplayName></BackupInst>
