<?xml version="1.0" encoding="utf-8"?>
<Groups clsid="{3125E937-EB16-4b4c-9934-544FC6D24D26}"><Group clsid="{6D4A79E4-529C-4481-ABD0-F5BD7EA93BA7}" name="Administrators (built-in)" image="2" changed="2022-02-02 16:49:01" uid="{2B08A4D8-E571-4262-8958-940239236A39}"><Properties action="U" newName="" description="" deleteAllUsers="0" deleteAllGroups="0" removeAccounts="0" groupSid="S-1-5-32-544" groupName="Administrators (built-in)"><Members><Member name="AD\Domain Tier1 JumpstationLimited Admins" action="ADD" sid="S-1-5-21-144253782-3019883942-3058657682-3126"/></Members></Properties></Group>
	<Group clsid="{6D4A79E4-529C-4481-ABD0-F5BD7EA93BA7}" name="Remote Desktop Users (built-in)" image="2" changed="2022-02-02 16:49:20" uid="{B0904B4D-5AF6-46BE-8A76-55B82C82B6C5}"><Properties action="U" newName="" description="" deleteAllUsers="0" deleteAllGroups="0" removeAccounts="0" groupSid="S-1-5-32-555" groupName="Remote Desktop Users (built-in)"><Members><Member name="AD\Domain Tier1 JumpstationLimited remote desktop users" action="ADD" sid="S-1-5-21-144253782-3019883942-3058657682-3125"/></Members></Properties></Group>
</Groups>
