<BackupInst xmlns="http://www.microsoft.com/GroupPolicy/GPOOperations/Manifest"><GPOGuid><![CDATA[{b6233870-d1a1-4f2d-b6f0-0aec4a244463}]]></GPOGuid><GPODomain><![CDATA[ad.testing.se]]></GPODomain><GPODomainGuid><![CDATA[{8406ea9e-28de-4bbb-9c06-55ec427c2ab7}]]></GPODomainGuid><GPODomainController><![CDATA[srv003]]></GPODomainController><BackupTime><![CDATA[2022-02-02T16:57:32]]></BackupTime><ID><![CDATA[{7CE238F4-8F39-48E5-8A00-4AC0EF5C873E}]]></ID><Comment><![CDATA[]]></Comment><GPODisplayName><![CDATA[Admin - Restrict Admin Logon TE]]></GPODisplayName></BackupInst>
