<Backups xmlns="http://www.microsoft.com/GroupPolicy/GPOOperations/Manifest" xmlns:mfst="http://www.microsoft.com/GroupPolicy/GPOOperations/Manifest" mfst:version="1.0"><BackupInst><GPOGuid><![CDATA[{c1ae46ac-fa43-4ee1-9ac7-bf65023bb8e9}]]></GPOGuid><GPODomain><![CDATA[ad.testing.se]]></GPODomain><GPODomainGuid><![CDATA[{8406ea9e-28de-4bbb-9c06-55ec427c2ab7}]]></GPODomainGuid><GPODomainController><![CDATA[srv003]]></GPODomainController><BackupTime><![CDATA[2022-02-02T16:57:33]]></BackupTime><ID><![CDATA[{69FDB2EB-216F-438B-AA5A-6EC6EB4020C2}]]></ID><Comment><![CDATA[]]></Comment><GPODisplayName><![CDATA[Admin - Kerberos Settings for Clients]]></GPODisplayName></BackupInst></Backups>