<BackupInst xmlns="http://www.microsoft.com/GroupPolicy/GPOOperations/Manifest"><GPOGuid><![CDATA[{a3709345-c32e-4365-9597-e5cffcb50a98}]]></GPOGuid><GPODomain><![CDATA[ad.testing.se]]></GPODomain><GPODomainGuid><![CDATA[{8406ea9e-28de-4bbb-9c06-55ec427c2ab7}]]></GPODomainGuid><GPODomainController><![CDATA[srv003]]></GPODomainController><BackupTime><![CDATA[2022-02-02T16:57:31]]></BackupTime><ID><![CDATA[{4FCBC77A-4B45-4253-BB86-20F40193241F}]]></ID><Comment><![CDATA[]]></Comment><GPODisplayName><![CDATA[Admin - Add Domain Company Admin - KioskEndpoints to Local Remote Desktop Users group]]></GPODisplayName></BackupInst>
