<Backups xmlns="http://www.microsoft.com/GroupPolicy/GPOOperations/Manifest" xmlns:mfst="http://www.microsoft.com/GroupPolicy/GPOOperations/Manifest" mfst:version="1.0"><BackupInst><GPOGuid><![CDATA[{5b48fef1-b6a8-4b89-963e-1255503a381f}]]></GPOGuid><GPODomain><![CDATA[ad.testing.se]]></GPODomain><GPODomainGuid><![CDATA[{8406ea9e-28de-4bbb-9c06-55ec427c2ab7}]]></GPODomainGuid><GPODomainController><![CDATA[srv003]]></GPODomainController><BackupTime><![CDATA[2022-02-02T16:57:28]]></BackupTime><ID><![CDATA[{591F9D7A-809F-4944-82FB-B89ED6AE311B}]]></ID><Comment><![CDATA[]]></Comment><GPODisplayName><![CDATA[Admin - Enable Remote Desktop w Restricted Admin Mode Enable]]></GPODisplayName></BackupInst></Backups>