<?xml version="1.0" encoding="utf-8"?>
<Groups clsid="{3125E937-EB16-4b4c-9934-544FC6D24D26}"><Group clsid="{6D4A79E4-529C-4481-ABD0-F5BD7EA93BA7}" name="Administrators (built-in)" image="2" changed="2022-02-02 16:52:00" uid="{6CEE3107-FA62-4D39-9461-3DFA0C38057A}"><Properties action="U" newName="" description="" deleteAllUsers="0" deleteAllGroups="0" removeAccounts="0" groupSid="S-1-5-32-544" groupName="Administrators (built-in)"><Members><Member name="AD\Domain TierEndpoints Jumpstation Admins" action="ADD" sid="S-1-5-21-144253782-3019883942-3058657682-3149"/></Members></Properties></Group>
	<Group clsid="{6D4A79E4-529C-4481-ABD0-F5BD7EA93BA7}" name="Remote Desktop Users (built-in)" image="2" changed="2022-02-02 16:52:30" uid="{123A12EB-1F1D-449C-A0A0-4B5EE56120B5}"><Properties action="U" newName="" description="" deleteAllUsers="0" deleteAllGroups="0" removeAccounts="0" groupSid="S-1-5-32-555" groupName="Remote Desktop Users (built-in)"><Members><Member name="AD\Domain TierEndpoints Jumpstation remote desktop users" action="ADD" sid="S-1-5-21-144253782-3019883942-3058657682-3148"/></Members></Properties></Group>
</Groups>
