<Backups xmlns="http://www.microsoft.com/GroupPolicy/GPOOperations/Manifest" xmlns:mfst="http://www.microsoft.com/GroupPolicy/GPOOperations/Manifest" mfst:version="1.0"><BackupInst><GPOGuid><![CDATA[{117237de-fd40-4f6f-9175-094a0b4e5e8e}]]></GPOGuid><GPODomain><![CDATA[ad.testing.se]]></GPODomain><GPODomainGuid><![CDATA[{8406ea9e-28de-4bbb-9c06-55ec427c2ab7}]]></GPODomainGuid><GPODomainController><![CDATA[srv003]]></GPODomainController><BackupTime><![CDATA[2022-02-02T16:57:26]]></BackupTime><ID><![CDATA[{F642210C-AF60-4712-BA11-4AEE9E218E97}]]></ID><Comment><![CDATA[]]></Comment><GPODisplayName><![CDATA[Admin - Add Domain Company Admin - GenericEndpoints to Local Remote Desktop Users group]]></GPODisplayName></BackupInst></Backups>