<?xml version="1.0" encoding="utf-8"?>
<PowerOptions clsid="{7B0F9381-C3B8-4525-8167-87349B671D94}"><GlobalPowerOptionsV2 clsid="{2B130A62-fc14-4572-91C3-5435C6A0C3FC}" name="Power Plan (At least Windows 7)" image="2" changed="2021-10-18 13:59:47" uid="{E2988B39-090F-4F05-AB0F-97BD62AD4EF0}"><Filters><FilterCollection hidden="1" bool="AND" not="0"><FilterOs hidden="1" not="1" bool="AND" class="NT" version="XP" type="NE" edition="NE" sp="NE"/><FilterOs hidden="1" not="1" bool="AND" class="NT" version="2K3" type="NE" edition="NE" sp="NE"/><FilterOs hidden="1" not="1" bool="AND" class="NT" version="2K3R2" type="NE" edition="NE" sp="NE"/></FilterCollection></Filters><Properties action="U" nameGuid="{8C5E7FDA-E8BF-4A96-9A85-A6E23A8C635C}" default="1" requireWakePwdAC="YES" requireWakePwdDC="YES" turnOffHDAC="0" turnOffHDDC="0" sleepAfterAC="0" sleepAfterDC="0" allowHybridSleepAC="ON" allowHybridSleepDC="ON" hibernateAC="0" hibernateDC="0" lidCloseAC="SLEEP" lidCloseDC="SLEEP" pbActionAC="SLEEP" pbActionDC="SLEEP" strtMenuActionAC="HIBERNATE" strtMenuActionDC="HIBERNATE" linkPwrMgmtAC="OFF" linkPwrMgmtDC="OFF" procStateMinAC="100" procStateMinDC="5" procStateMaxAC="100" procStateMaxDC="100" displayOffAC="15" displayOffDC="10" adaptiveAC="ON" adaptiveDC="ON" critBatActionAC="DO_NOTHING" critBatActionDC="SHUT_DOWN" lowBatteryLvlAC="10" lowBatteryLvlDC="10" critBatteryLvlAC="5" critBatteryLvlDC="5" lowBatteryNotAC="OFF" lowBatteryNotDC="OFF" lowBatteryActionAC="DO_NOTHING" lowBatteryActionDC="DO_NOTHING"/></GlobalPowerOptionsV2>
</PowerOptions>
