<BackupInst xmlns="http://www.microsoft.com/GroupPolicy/GPOOperations/Manifest"><GPOGuid><![CDATA[{bbe1abb7-b880-443e-88d4-9cf6048c23bd}]]></GPOGuid><GPODomain><![CDATA[ad.testing.se]]></GPODomain><GPODomainGuid><![CDATA[{8406ea9e-28de-4bbb-9c06-55ec427c2ab7}]]></GPODomainGuid><GPODomainController><![CDATA[srv003]]></GPODomainController><BackupTime><![CDATA[2022-02-02T16:57:32]]></BackupTime><ID><![CDATA[{92CA4B6F-B58E-4B52-B108-B69EA14A3354}]]></ID><Comment><![CDATA[]]></Comment><GPODisplayName><![CDATA[Admin - Restrict Admin Logon T2]]></GPODisplayName></BackupInst>
