<BackupInst xmlns="http://www.microsoft.com/GroupPolicy/GPOOperations/Manifest"><GPOGuid><![CDATA[{50b91191-82c0-41fd-b251-256e5757dc7c}]]></GPOGuid><GPODomain><![CDATA[ad.testing.se]]></GPODomain><GPODomainGuid><![CDATA[{8406ea9e-28de-4bbb-9c06-55ec427c2ab7}]]></GPODomainGuid><GPODomainController><![CDATA[srv003]]></GPODomainController><BackupTime><![CDATA[2022-05-05T11:24:00]]></BackupTime><ID><![CDATA[{5F94B84A-D87B-4375-A453-F995A5943C87}]]></ID><Comment><![CDATA[]]></Comment><GPODisplayName><![CDATA[Admin - Enable Remote Desktop w NLA Disabled]]></GPODisplayName></BackupInst>
