<BackupInst xmlns="http://www.microsoft.com/GroupPolicy/GPOOperations/Manifest"><GPOGuid><![CDATA[{9285d687-c137-41eb-a40b-4d0c1cd433cd}]]></GPOGuid><GPODomain><![CDATA[ad.testing.se]]></GPODomain><GPODomainGuid><![CDATA[{8406ea9e-28de-4bbb-9c06-55ec427c2ab7}]]></GPODomainGuid><GPODomainController><![CDATA[srv003]]></GPODomainController><BackupTime><![CDATA[2022-02-02T16:57:30]]></BackupTime><ID><![CDATA[{1E645EBD-C745-44BA-91DD-00C531BFBB0B}]]></ID><Comment><![CDATA[]]></Comment><GPODisplayName><![CDATA[Admin - Add Domain Tier2 Admin - GenericServers to Local Admin group]]></GPODisplayName></BackupInst>
